Workbook

Sheet Milestone Tracker
A1: Table 1 | B1: Ensure you update in same format (e.g., 50% should be 0.50)
A2: ActivityID | B2: Milestone Name | C2: Milestone Weight | D2: Task Completion % | E2: Completion % (by weight) | F2: Overal Cummulative Completion % | G2: StartDate | H2: EndDate | I2: OverallStatus | J2: Owner | K2: Comments
A3: 1 | B3: Dev (Phase 1) | C3: 0.15 | D3: 0.75 | E3: =C3*D3 -> 0.1125 | F3: =E3 -> 0.1125 | G3: 46023 | H3: 46052 | I3: In Progress | J3: Ryoma | N3: Status
A4: 2 | B4: Legal & Contracts | C4: 0.05 | D4: 0.5 | E4: =C4*D4 -> 0.025 | F4: =F3+E4 -> 0.1375 | G4: 46036 | H4: 46042 | I4: In Progress | J4: Heman | N4: Not Started
A5: 3 | B5: Collaboration Meetings | C5: 0.05 | D5: 0.8 | E5: =C5*D5 -> 0.04 | F5: =F4+E5 -> 0.1775 | G5: 46043 | H5: 46068 | I5: In Progress | J5: Heman | N5: In-Progress
A6: 4 | B6: Dev (Phase 2) | C6: 0.2 | D6: 0.66 | E6: =C6*D6 -> 0.132 | F6: =F5+E6 -> 0.3095 | G6: 46054 | H6: 46068 | I6: In Progress | J6: Ryoma | N6: Pending
A7: 5 | B7: Website Updates | C7: 0.18 | D7: 0.5 | E7: =C7*D7 -> 0.09 | F7: =F6+E7 -> 0.3995 | G7: 46043 | H7: 46074 | I7: In Progress | J7: Akshay | N7: Completed
A8: 6 | B8: Marketing & Ad Plan | C8: 0.17 | D8: 0.5 | E8: =C8*D8 -> 0.085 | F8: =F7+E8 -> 0.4845 | G8: 46043 | H8: 46074 | I8: In Progress | J8: Heman
A9: 7 | B9: UAT & Security | C9: 0.15 | D9: 0 | E9: =C9*D9 -> 0 | F9: =F8+E9 -> 0.4845 | G9: 46054 | H9: 46081 | I9: Not Started | J9: Akshay
A10: 8 | B10: Pilot (Go-Live) | C10: 0 | D10: 0 | E10: =C10*D10 -> 0 | F10: =F9+E10 -> 0.4845 | G10: 46082 | H10: 46142 | I10: Not Started | J10: Heman
A11: 9 | B11: Product Metrics | C11: 0.05 | D11: 0 | E11: =C11*D11 -> 0 | F11: =F10+E11 -> 0.4845 | G11: 46082 | H11: 46173 | I11: Not Started | J11: Ryoma
A12: 10 | B12: Production (Go-Live) | C12: 0 | D12: 0 | E12: =C12*D12 -> 0 | F12: =F11+E12 -> 0.4845 | G12: 46174 | H12: 46539 | I12: Not Started | J12: Heman

Sheet Activity Tracker
A1: Table 2 | B1: Update the Current Status & Comments
A2: TaskID | B2: ActivityID | C2: Milestone Name | D2: Task Name | E2: Status | F2: Owner | G2: End Date | H2: Priority | I2: Current Date | J2: Comments
A3: 101 | B3: 1 | C3: =VLOOKUP(B3,'Milestone Tracker'!A$2:B$12,2,0) -> Dev (Phase 1) | D3: Bank Feed API Connection (Basiq) & ACCC Accrediation | E3: In Progress | F3: Ryoma | G3: 46052 | H3: High | I3: =TODAY() -> 46064
A4: 102 | B4: 1 | C4: =VLOOKUP(B4,'Milestone Tracker'!A$2:B$12,2,0) -> Dev (Phase 1) | D4: Website Scrapping for Properties (RWAG) | E4: Completed | F4: Ryoma | G4: 46052 | H4: Med | I4: =TODAY() -> 46064 | J4: Website scaper completed and operating.
A5: 103 | B5: 1 | C5: =VLOOKUP(B5,'Milestone Tracker'!A$2:B$12,2,0) -> Dev (Phase 1) | D5: User Login Link & QR Code | E5: Completed | F5: Ryoma | G5: 46052 | H5: High | I5: =TODAY() -> 46064
A6: 201 | B6: 2 | C6: =VLOOKUP(B6,'Milestone Tracker'!A$2:B$12,2,0) -> Legal & Contracts | D6: Meeting with Legal for Trademark & Agreements | E6: In-Progress | F6: Heman | G6: 46043 | H6: Med | I6: =TODAY() -> 46064
A7: 301 | B7: 3 | C7: =VLOOKUP(B7,'Milestone Tracker'!A$2:B$12,2,0) -> Collaboration Meetings | D7: Schedule Meetings with Basiq | E7: Completed | F7: Heman | G7: 46053 | H7: Med | I7: =TODAY() -> 46064
A8: 302 | B8: 3 | C8: =VLOOKUP(B8,'Milestone Tracker'!A$2:B$12,2,0) -> Collaboration Meetings | D8: Schedule Meetings with Realestate.com | E8: In Progress | F8: Heman | G8: 46068 | H8: Med | I8: =TODAY() -> 46064 | J8: Trademark and agreements pathway
A9: 303 | B9: 3 | C9: =VLOOKUP(B9,'Milestone Tracker'!A$2:B$12,2,0) -> Collaboration Meetings | D9: Schedule Meetings with Domain.com | E9: Not Started | F9: Heman | G9: 46068 | H9: Med | I9: =TODAY() -> 46064
A10: 401 | B10: 4 | C10: =VLOOKUP(B10,'Milestone Tracker'!A$2:B$12,2,0) -> Dev (Phase 2) | D10: PM & Rental Agency Landing Page to check Tenant Ranking (By Property) | E10: In Progress | F10: Ryoma | G10: 46068 | H10: Med | I10: =TODAY() -> 46064
A11: 402 | B11: 4 | C11: =VLOOKUP(B11,'Milestone Tracker'!A$2:B$12,2,0) -> Dev (Phase 2) | D11: Email Notifications for Property Manager | E11: Completed | F11: Ryoma | G11: 46068 | H11: Med | I11: =TODAY() -> 46064 | J11: Notifications are working, just need the actual reports with data from Basiq. Currently sending to single email address.
A12: 501 | B12: 5 | C12: =VLOOKUP(B12,'Milestone Tracker'!A$2:B$12,2,0) -> Website Updates | D12: Website Update (Messaging, About us, Values, Branding) | E12: In-Progress | F12: Heman | G12: 46074 | H12: High | I12: =TODAY() -> 46064
A13: 502 | B13: 5 | C13: =VLOOKUP(B13,'Milestone Tracker'!A$2:B$12,2,0) -> Website Updates | D13: Domain & SSL Certificate | E13: Not Started | F13: Ryoma | G13: 46074 | H13: High | I13: =TODAY() -> 46064
A14: 601 | B14: 6 | C14: =VLOOKUP(B14,'Milestone Tracker'!A$2:B$12,2,0) -> Marketing & Ad Plan | D14: Database & Contacts (Agencies) | E14: Not Started | F14: Akshay | G14: 46074 | H14: Med | I14: =TODAY() -> 46064
A15: 602 | B15: 6 | C15: =VLOOKUP(B15,'Milestone Tracker'!A$2:B$12,2,0) -> Marketing & Ad Plan | D15: Brochure, AI video & Ad templates | E15: In-Progress | F15: Akshay | G15: 46074 | H15: Med | I15: =TODAY() -> 46064
A16: 603 | B16: 6 | C16: =VLOOKUP(B16,'Milestone Tracker'!A$2:B$12,2,0) -> Marketing & Ad Plan | D16: CRM (Cadence Plan for Ads) | E16: Not Started | F16: Akshay | G16: 46074 | H16: Med | I16: =TODAY() -> 46064
A17: 701 | B17: 7 | C17: =VLOOKUP(B17,'Milestone Tracker'!A$2:B$12,2,0) -> UAT & Security | D17: VAPT Scan & Bug Fixes | E17: Not Started | F17: Ryoma | G17: 46081 | H17: High | I17: =TODAY() -> 46064
A18: 702 | B18: 7 | C18: =VLOOKUP(B18,'Milestone Tracker'!A$2:B$12,2,0) -> UAT & Security | D18: CyberSecurity & Privacy Audit & Bug Fixes | E18: Not Started | F18: Akshay | G18: 46081 | H18: Med | I18: =TODAY() -> 46064
A19: 801 | B19: 8 | C19: =VLOOKUP(B19,'Milestone Tracker'!A$2:B$12,2,0) -> Pilot (Go-Live) | D19: Real Estate Agency Onboarding Kit (Link / QR & Brochure) | E19: Not Started | F19: Akshay | G19: 46147 | H19: High | I19: =TODAY() -> 46064
A20: 901 | B20: 9 | C20: =VLOOKUP(B20,'Milestone Tracker'!A$2:B$12,2,0) -> Product Metrics | D20: Pilot KPI Tracking Dashboard (Onboarding Form) | E20: Not Started | F20: Ryoma | G20: 46096 | H20: Med | I20: =TODAY() -> 46064
A21: 902 | B21: 9 | C21: =VLOOKUP(B21,'Milestone Tracker'!A$2:B$12,2,0) -> Product Metrics | D21: Integration & Scaling | E21: Not Started | F21: Ryoma | G21: 46173 | H21: Low | I21: =TODAY() -> 46064

Sheet Tech-Business Risk
A1: Table 3
A2: RAID ID | B2: RAID Type | C2: Description | D2: Impact | E2: Likelihood | F2: Risk Level | G2: Owner | H2: Mitigation | I2: Target Date | J2: Status | K2: Comments
A3: 1 | B3: Risk | C3: Tech Risks - Dependency on Basiq | D3: High | E3: High | F3: High | G3: Ryoma | H3: Contract | I3: 46068 | J3: Pending | K3: Contract with Basiq underway while we also have redundancies with backup service providers if necessary.
A4: 2 | B4: Risk | C4: Tech Risks - Scaling to handle Concurent Users | D4: High | E4: Med | F4: High | G4: Ryoma | H4: Contract | I4: 46068 | J4: Pending | K4: We are only using managed services with proven scalability. This will scale at a more economical rate than Azure or AWS until we high a very high saturation point.
A5: 3 | B5: Risk | C5: Compliance Risk - (CyberSecurity & Privacy) | D5: High | E5: Med | F5: High | G5: Akshay | H5: Insurance | I5: 46068 | J5: Pending
A6: 4 | B6: Risk | C6: Business Risk - Competition | D6: Med | E6: Med | F6: Med | G6: Heman | H6: Business & Tech Plans | I6: 46068 | J6: Pending
A7: 5 | B7: Risk | C7: Business Risk - Legal & Contracts | D7: Med | E7: Low | F7: Low | G7: Heman | H7: Trademarks | I7: 46068 | J7: In-Progress

Sheet Dev Velocity
A1: Table 4
A2: Date | B2: Open | C2: Completed | D2: On-Hold
A3: 46010 | B3: 5 | C3: 0 | D3: 0
A4: 46017 | B4: 14 | C4: 0 | D4: 0
A5: 46024 | B5: 19 | C5: 1 | D5: 0
A6: 46031 | B6: 18 | C6: 4 | D6: 0
A7: 46038 | B7: 18 | C7: 4 | D7: 0

Sheet Decision Table 
A1: Table 5
A2: Decision ID | B2: Decision Required | C2: Impact if Delayed | D2: Required By Date | E2: Owner | F2: Status | G2: Comments
A3: 1 | B3: Onboarding Marketing Agency | C3: Fail to Advertise & Market Product | D3: 46082 | E3: Raj | F3: Completed | G3: Onboarded Yakk

Sheet Task Owners Table
A1: Table 6
A2: Owner | B2: Role
A3: Mannu Kala | B3: CEO
A4: Raj Nanalal | B4: COO
A5: Ryoma Ohira | B5: CTO
A6: Heman Germian | B6: CCO
A7: Priya Daga | B7: CFO
A8: Akshay Desai | B8: Program Manager
